insert into address (id, address_line1, address_line2, city, postal_code) values (1, 'ulica Dębowa', '12A', 'Warszawa', '00-001');
insert into address (id, address_line1, address_line2, city, postal_code) values (2, 'ulica Lipowa', '34B', 'Kraków', '30-002');
insert into address (id, address_line1, address_line2, city, postal_code) values (3, 'ulica Sosnowa', '7C', 'Poznań', '60-003');
insert into address (id, address_line1, address_line2, city, postal_code) values (4, 'ulica Klonowa', '19', 'Gdańsk', '80-004');
insert into address (id, address_line1, address_line2, city, postal_code) values (5, 'ulica Akacjowa', '5A', 'Wrocław', '50-005');
insert into address (id, address_line1, address_line2, city, postal_code) values (6, 'ulica Wiśniowa', '22', 'Łódź', '90-006');
insert into address (id, address_line1, address_line2, city, postal_code) values (7, 'ulica Kasztanowa', '33B', 'Szczecin', '70-007');
insert into address (id, address_line1, address_line2, city, postal_code) values (8, 'ulica Świerkowa', '10', 'Bydgoszcz', '85-008');
insert into address (id, address_line1, address_line2, city, postal_code) values (9, 'ulica Wierzbowa', '4D', 'Lublin', '20-009');
insert into address (id, address_line1, address_line2, city, postal_code) values (10, 'ulica Jodłowa', '8E', 'Katowice', '40-010');
insert into address (id, address_line1, address_line2, city, postal_code) values (11, 'ulica Bukowa', '15F', 'Białystok', '15-011');
insert into address (id, address_line1, address_line2, city, postal_code) values (12, 'ulica Jesionowa', '21A', 'Gdynia', '81-012');
insert into address (id, address_line1, address_line2, city, postal_code) values (13, 'ulica Modrzewiowa', '18C', 'Toruń', '87-013');
insert into address (id, address_line1, address_line2, city, postal_code) values (14, 'ulica Brzozowa', '6B', 'Zielona Góra', '65-014');
insert into address (id, address_line1, address_line2, city, postal_code) values (15, 'ulica Topolowa', '30', 'Rzeszów', '35-015');
insert into address (id, address_line1, address_line2, city, postal_code) values (16, 'ulica Grabowa', '2A', 'Olsztyn', '10-016');
insert into address (id, address_line1, address_line2, city, postal_code) values (17, 'ulica Magnoliowa', '14', 'Bielsko-Biała', '43-017');
insert into address (id, address_line1, address_line2, city, postal_code) values (18, 'ulica Malinowa', '3D', 'Gliwice', '44-018');
insert into address (id, address_line1, address_line2, city, postal_code) values (19, 'ulica Jarzębinowa', '9', 'Kielce', '25-019');
insert into address (id, address_line1, address_line2, city, postal_code) values (20, 'ulica Cyprysowa', '25', 'Opole', '45-020');

insert into doctor (id, doctor_number, email, first_name, last_name, specialization, telephone_number, address_id) values (1, 'DOC1001', 'john.smith@example.com', 'John', 'Smith', 'GP', '+48123456701', 1);
insert into doctor (id, doctor_number, email, first_name, last_name, specialization, telephone_number, address_id) values (2, 'DOC1002', 'anna.brown@example.com', 'Anna', 'Brown', 'DERMATOLOGIST', '+48123456702', 2);
insert into doctor (id, doctor_number, email, first_name, last_name, specialization, telephone_number, address_id) values (3, 'DOC1003', 'peter.white@example.com', 'Peter', 'White', 'SURGEON', '+48123456703', 3);
insert into doctor (id, doctor_number, email, first_name, last_name, specialization, telephone_number, address_id) values (4, 'DOC1004', 'emma.green@example.com', 'Emma', 'Green', 'OCULIST', '+48123456704', 4);
insert into doctor (id, doctor_number, email, first_name, last_name, specialization, telephone_number, address_id) values (5, 'DOC1005', 'michael.taylor@example.com', 'Michael', 'Taylor', 'GP', '+48123456705', 5);
insert into doctor (id, doctor_number, email, first_name, last_name, specialization, telephone_number, address_id) values (6, 'DOC1006', 'sarah.martin@example.com', 'Sarah', 'Martin', 'DERMATOLOGIST', '+48123456706', 6);
insert into doctor (id, doctor_number, email, first_name, last_name, specialization, telephone_number, address_id) values (7, 'DOC1007', 'james.clark@example.com', 'James', 'Clark', 'SURGEON', '+48123456707', 7);
insert into doctor (id, doctor_number, email, first_name, last_name, specialization, telephone_number, address_id) values (8, 'DOC1008', 'olivia.jones@example.com', 'Olivia', 'Jones', 'OCULIST', '+48123456708', 8);
insert into doctor (id, doctor_number, email, first_name, last_name, specialization, telephone_number, address_id) values (9, 'DOC1009', 'william.lee@example.com', 'William', 'Lee', 'GP', '+48123456709', 9);
insert into doctor (id, doctor_number, email, first_name, last_name, specialization, telephone_number, address_id) values (10, 'DOC1010', 'chloe.harris@example.com', 'Chloe', 'Harris', 'DERMATOLOGIST', '+48123456710', 10);

insert into ADDRESS_DOCTOR_RESIDENTS (ADDRESS_ENTITY_ID, DOCTOR_RESIDENTS_ID) values (1,  1);
insert into ADDRESS_DOCTOR_RESIDENTS (ADDRESS_ENTITY_ID, DOCTOR_RESIDENTS_ID) values (2,  2);
insert into ADDRESS_DOCTOR_RESIDENTS (ADDRESS_ENTITY_ID, DOCTOR_RESIDENTS_ID) values (3,  3);
insert into ADDRESS_DOCTOR_RESIDENTS (ADDRESS_ENTITY_ID, DOCTOR_RESIDENTS_ID) values (4,  4);
insert into ADDRESS_DOCTOR_RESIDENTS (ADDRESS_ENTITY_ID, DOCTOR_RESIDENTS_ID) values (5,  5);
insert into ADDRESS_DOCTOR_RESIDENTS (ADDRESS_ENTITY_ID, DOCTOR_RESIDENTS_ID) values (6,  6);
insert into ADDRESS_DOCTOR_RESIDENTS (ADDRESS_ENTITY_ID, DOCTOR_RESIDENTS_ID) values (7,  7);
insert into ADDRESS_DOCTOR_RESIDENTS (ADDRESS_ENTITY_ID, DOCTOR_RESIDENTS_ID) values (8,  8);
insert into ADDRESS_DOCTOR_RESIDENTS (ADDRESS_ENTITY_ID, DOCTOR_RESIDENTS_ID) values (9,  9);
insert into ADDRESS_DOCTOR_RESIDENTS (ADDRESS_ENTITY_ID, DOCTOR_RESIDENTS_ID) values (10, 10);

insert into patient (id, patient_number, date_of_birth, email, first_name, last_name, telephone_number, address_id) values (1, 'PAT1001', '1985-03-25', 'adam.nowak@example.com', 'Adam', 'Nowak', '+48123456781', 11);
insert into patient (id, patient_number, date_of_birth, email, first_name, last_name, telephone_number, address_id) values (2, 'PAT1002', '1992-07-14', 'ewa.kowalska@example.com', 'Ewa', 'Kowalska', '+48123456782', 12);
insert into patient (id, patient_number, date_of_birth, email, first_name, last_name, telephone_number, address_id) values (3, 'PAT1003', '1978-11-02', 'marek.wisniewski@example.com', 'Marek', 'Wiśniewski', '+48123456783', 13);
insert into patient (id, patient_number, date_of_birth, email, first_name, last_name, telephone_number, address_id) values (4, 'PAT1004', '2000-01-18', 'anna.zielinska@example.com', 'Anna', 'Zielińska', '+48123456784', 14);
insert into patient (id, patient_number, date_of_birth, email, first_name, last_name, telephone_number, address_id) values (5, 'PAT1005', '1969-06-09', 'jan.kowalski@example.com', 'Jan', 'Kowalski', '+48123456785', 15);
insert into patient (id, patient_number, date_of_birth, email, first_name, last_name, telephone_number, address_id) values (6, 'PAT1006', '1988-10-30', 'magdalena.sikora@example.com', 'Magdalena', 'Sikora', '+48123456786', 16);
insert into patient (id, patient_number, date_of_birth, email, first_name, last_name, telephone_number, address_id) values (7, 'PAT1007', '1995-05-22', 'tomasz.duda@example.com', 'Tomasz', 'Duda', '+48123456787', 17);
insert into patient (id, patient_number, date_of_birth, email, first_name, last_name, telephone_number, address_id) values (8, 'PAT1008', '1982-08-11', 'karolina.maj@example.com', 'Karolina', 'Maj', '+48123456788', 18);
insert into patient (id, patient_number, date_of_birth, email, first_name, last_name, telephone_number, address_id) values (9, 'PAT1009', '1999-03-05', 'piotr.pietrzak@example.com', 'Piotr', 'Pietrzak', '+48123456789', 19);
insert into patient (id, patient_number, date_of_birth, email, first_name, last_name, telephone_number, address_id) values (10, 'PAT1010', '1973-12-21', 'aleksandra.wojcik@example.com', 'Aleksandra', 'Wójcik', '+48123456790', 20);
insert into patient (id, patient_number, date_of_birth, email, first_name, last_name, telephone_number, address_id) values (11, 'PAT1011', '1987-04-19', 'grzegorz.nowicki@example.com', 'Grzegorz', 'Nowicki', '+48123456791', 11);
insert into patient (id, patient_number, date_of_birth, email, first_name, last_name, telephone_number, address_id) values (12, 'PAT1012', '1993-09-15', 'monika.kaminska@example.com', 'Monika', 'Kamińska', '+48123456792', 12);
insert into patient (id, patient_number, date_of_birth, email, first_name, last_name, telephone_number, address_id) values (13, 'PAT1013', '1975-02-07', 'kamil.adamczyk@example.com', 'Kamil', 'Adamczyk', '+48123456793', 13);
insert into patient (id, patient_number, date_of_birth, email, first_name, last_name, telephone_number, address_id) values (14, 'PAT1014', '2001-07-12', 'zofia.czerwinska@example.com', 'Zofia', 'Czerwińska', '+48123456794', 14);
insert into patient (id, patient_number, date_of_birth, email, first_name, last_name, telephone_number, address_id) values (15, 'PAT1015', '1980-11-23', 'jakub.stankiewicz@example.com', 'Jakub', 'Stankiewicz', '+48123456795', 15);
insert into patient (id, patient_number, date_of_birth, email, first_name, last_name, telephone_number, address_id) values (16, 'PAT1016', '1997-06-01', 'paulina.wozniak@example.com', 'Paulina', 'Woźniak', '+48123456796', 16);
insert into patient (id, patient_number, date_of_birth, email, first_name, last_name, telephone_number, address_id) values (17, 'PAT1017', '1965-03-29', 'krzysztof.lis@example.com', 'Krzysztof', 'Lis', '+48123456797', 17);
insert into patient (id, patient_number, date_of_birth, email, first_name, last_name, telephone_number, address_id) values (18, 'PAT1018', '1984-09-06', 'marta.mucha@example.com', 'Marta', 'Mucha', '+48123456798', 18);
insert into patient (id, patient_number, date_of_birth, email, first_name, last_name, telephone_number, address_id) values (19, 'PAT1019', '1977-01-15', 'damian.rozalski@example.com', 'Damian', 'Różański', '+48123456799', 19);
insert into patient (id, patient_number, date_of_birth, email, first_name, last_name, telephone_number, address_id) values (20, 'PAT1020', '2003-12-02', 'alicja.jedrzejewska@example.com', 'Alicja', 'Jędrzejewska', '+48123456800', 20);

insert into ADDRESS_PATIENT_RESIDENTS (ADDRESS_ENTITY_ID, PATIENT_RESIDENTS_ID) values (11, 1);
insert into ADDRESS_PATIENT_RESIDENTS (ADDRESS_ENTITY_ID, PATIENT_RESIDENTS_ID) values (12, 2);
insert into ADDRESS_PATIENT_RESIDENTS (ADDRESS_ENTITY_ID, PATIENT_RESIDENTS_ID) values (13, 3);
insert into ADDRESS_PATIENT_RESIDENTS (ADDRESS_ENTITY_ID, PATIENT_RESIDENTS_ID) values (14, 4);
insert into ADDRESS_PATIENT_RESIDENTS (ADDRESS_ENTITY_ID, PATIENT_RESIDENTS_ID) values (15, 5);
insert into ADDRESS_PATIENT_RESIDENTS (ADDRESS_ENTITY_ID, PATIENT_RESIDENTS_ID) values (16, 6);
insert into ADDRESS_PATIENT_RESIDENTS (ADDRESS_ENTITY_ID, PATIENT_RESIDENTS_ID) values (17, 7);
insert into ADDRESS_PATIENT_RESIDENTS (ADDRESS_ENTITY_ID, PATIENT_RESIDENTS_ID) values (18, 8);
insert into ADDRESS_PATIENT_RESIDENTS (ADDRESS_ENTITY_ID, PATIENT_RESIDENTS_ID) values (19, 9);
insert into ADDRESS_PATIENT_RESIDENTS (ADDRESS_ENTITY_ID, PATIENT_RESIDENTS_ID) values (20, 10);
insert into ADDRESS_PATIENT_RESIDENTS (ADDRESS_ENTITY_ID, PATIENT_RESIDENTS_ID) values (11, 11);
insert into ADDRESS_PATIENT_RESIDENTS (ADDRESS_ENTITY_ID, PATIENT_RESIDENTS_ID) values (12, 12);
insert into ADDRESS_PATIENT_RESIDENTS (ADDRESS_ENTITY_ID, PATIENT_RESIDENTS_ID) values (13, 13);
insert into ADDRESS_PATIENT_RESIDENTS (ADDRESS_ENTITY_ID, PATIENT_RESIDENTS_ID) values (14, 14);
insert into ADDRESS_PATIENT_RESIDENTS (ADDRESS_ENTITY_ID, PATIENT_RESIDENTS_ID) values (15, 15);
insert into ADDRESS_PATIENT_RESIDENTS (ADDRESS_ENTITY_ID, PATIENT_RESIDENTS_ID) values (16, 16);
insert into ADDRESS_PATIENT_RESIDENTS (ADDRESS_ENTITY_ID, PATIENT_RESIDENTS_ID) values (17, 17);
insert into ADDRESS_PATIENT_RESIDENTS (ADDRESS_ENTITY_ID, PATIENT_RESIDENTS_ID) values (18, 18);
insert into ADDRESS_PATIENT_RESIDENTS (ADDRESS_ENTITY_ID, PATIENT_RESIDENTS_ID) values (19, 19);
insert into ADDRESS_PATIENT_RESIDENTS (ADDRESS_ENTITY_ID, PATIENT_RESIDENTS_ID) values (20, 20);

insert into visit (id, description, time, doctor_id, patient_id) values (1, 'Routine checkup', '2024-12-05 09:00:00', 1, 1);
insert into visit (id, description, time, doctor_id, patient_id) values (2, 'Follow-up appointment', '2024-12-05 09:30:00', 2, 2);
insert into visit (id, description, time, doctor_id, patient_id) values (3, 'Dermatology consultation', '2024-12-05 10:00:00', 3, 3);
insert into visit (id, description, time, doctor_id, patient_id) values (4, 'Eye examination', '2024-12-05 10:30:00', 4, 4);
insert into visit (id, description, time, doctor_id, patient_id) values (5, 'Surgery follow-up', '2024-12-05 11:00:00', 5, 5);
insert into visit (id, description, time, doctor_id, patient_id) values (6, 'Routine checkup', '2024-12-05 11:30:00', 6, 6);
insert into visit (id, description, time, doctor_id, patient_id) values (7, 'General consultation', '2024-12-05 12:00:00', 7, 7);
insert into visit (id, description, time, doctor_id, patient_id) values (8, 'Skin rash diagnosis', '2024-12-05 12:30:00', 8, 8);
insert into visit (id, description, time, doctor_id, patient_id) values (9, 'Eye strain consultation', '2024-12-05 13:00:00', 9, 9);
insert into visit (id, description, time, doctor_id, patient_id) values (10, 'Post-surgery review', '2024-12-05 13:30:00', 10, 10);
insert into visit (id, description, time, doctor_id, patient_id) values (11, 'Routine checkup', '2024-12-05 14:00:00', 5, 11);
insert into visit (id, description, time, doctor_id, patient_id) values (12, 'Follow-up appointment', '2024-12-05 14:30:00', 3, 12);
insert into visit (id, description, time, doctor_id, patient_id) values (13, 'Dermatology consultation', '2024-12-05 15:00:00', 4, 13);
insert into visit (id, description, time, doctor_id, patient_id) values (14, 'Eye examination', '2024-12-05 15:30:00', 9, 14);
insert into visit (id, description, time, doctor_id, patient_id) values (15, 'Surgery follow-up', '2024-12-05 16:00:00', 8, 15);
insert into visit (id, description, time, doctor_id, patient_id) values (16, 'Routine checkup', '2024-12-06 09:00:00', 1, 2);
insert into visit (id, description, time, doctor_id, patient_id) values (17, 'General consultation', '2024-12-06 09:30:00', 2, 3);
insert into visit (id, description, time, doctor_id, patient_id) values (18, 'Skin rash diagnosis', '2024-12-06 10:00:00', 3, 4);
insert into visit (id, description, time, doctor_id, patient_id) values (19, 'Eye strain consultation', '2024-12-06 10:30:00', 4, 5);
insert into visit (id, description, time, doctor_id, patient_id) values (20, 'Post-surgery review', '2024-12-06 11:00:00', 5, 6);
insert into visit (id, description, time, doctor_id, patient_id) values (21, 'Routine checkup', '2024-12-06 11:30:00', 6, 7);
insert into visit (id, description, time, doctor_id, patient_id) values (22, 'Follow-up appointment', '2024-12-06 12:00:00', 7, 8);
insert into visit (id, description, time, doctor_id, patient_id) values (23, 'Dermatology consultation', '2024-12-06 12:30:00', 8, 9);
insert into visit (id, description, time, doctor_id, patient_id) values (24, 'Eye examination', '2024-12-06 13:00:00', 9, 10);
insert into visit (id, description, time, doctor_id, patient_id) values (25, 'Surgery follow-up', '2024-12-06 13:30:00', 10, 11);
insert into visit (id, description, time, doctor_id, patient_id) values (26, 'Routine checkup', '2024-12-06 14:00:00', 1, 12);
insert into visit (id, description, time, doctor_id, patient_id) values (27, 'Follow-up appointment', '2024-12-06 14:30:00', 7, 13);
insert into visit (id, description, time, doctor_id, patient_id) values (28, 'Dermatology consultation', '2024-12-06 15:00:00', 5, 14);
insert into visit (id, description, time, doctor_id, patient_id) values (29, 'Eye examination', '2024-12-06 15:30:00', 3, 15);
insert into visit (id, description, time, doctor_id, patient_id) values (30, 'Surgery follow-up', '2024-12-06 16:00:00', 1, 1);
insert into visit (id, description, time, doctor_id, patient_id) values (31, 'Routine checkup', '2024-12-07 09:00:00', 1, 3);
insert into visit (id, description, time, doctor_id, patient_id) values (32, 'General consultation', '2024-12-07 09:30:00', 2, 5);
insert into visit (id, description, time, doctor_id, patient_id) values (33, 'Skin rash diagnosis', '2024-12-07 10:00:00', 3, 7);
insert into visit (id, description, time, doctor_id, patient_id) values (34, 'Eye strain consultation', '2024-12-07 10:30:00', 4, 9);
insert into visit (id, description, time, doctor_id, patient_id) values (35, 'Post-surgery review', '2024-12-07 11:00:00', 5, 11);
insert into visit (id, description, time, doctor_id, patient_id) values (36, 'Routine checkup', '2024-12-07 11:30:00', 6, 13);
insert into visit (id, description, time, doctor_id, patient_id) values (37, 'Follow-up appointment', '2024-12-07 12:00:00', 7, 15);
insert into visit (id, description, time, doctor_id, patient_id) values (38, 'Dermatology consultation', '2024-12-07 12:30:00', 8, 2);
insert into visit (id, description, time, doctor_id, patient_id) values (39, 'Eye examination', '2024-12-07 13:00:00', 9, 4);
insert into visit (id, description, time, doctor_id, patient_id) values (40, 'Surgery follow-up', '2024-12-07 13:30:00', 10, 6);
insert into visit (id, description, time, doctor_id, patient_id) values (41, 'Routine checkup', '2024-12-07 14:00:00', 9, 8);
insert into visit (id, description, time, doctor_id, patient_id) values (42, 'Follow-up appointment', '2024-12-07 14:30:00', 6, 10);
insert into visit (id, description, time, doctor_id, patient_id) values (43, 'Dermatology consultation', '2024-12-07 15:00:00', 5, 12);
insert into visit (id, description, time, doctor_id, patient_id) values (44, 'Eye examination', '2024-12-07 15:30:00', 3, 14);
insert into visit (id, description, time, doctor_id, patient_id) values (45, 'Surgery follow-up', '2024-12-07 16:00:00', 6, 2);
insert into visit (id, description, time, doctor_id, patient_id) values (46, 'Routine checkup', '2024-12-08 09:00:00', 1, 4);
insert into visit (id, description, time, doctor_id, patient_id) values (47, 'General consultation', '2024-12-08 09:30:00', 2, 6);
insert into visit (id, description, time, doctor_id, patient_id) values (48, 'Skin rash diagnosis', '2024-12-08 10:00:00', 3, 8);
insert into visit (id, description, time, doctor_id, patient_id) values (49, 'Eye strain consultation', '2024-12-08 10:30:00', 4, 10);
insert into visit (id, description, time, doctor_id, patient_id) values (50, 'Post-surgery review', '2024-12-08 11:00:00', 5, 12);

insert into medical_treatment (id, description, type, visit_id) values (1, 'Ultrasound of the abdomen', 'USG', 7);
insert into medical_treatment (id, description, type, visit_id) values (2, 'Chest X-ray', 'RTG', 14);
insert into medical_treatment (id, description, type, visit_id) values (3, 'Electrocardiogram', 'EKG', 21);
insert into medical_treatment (id, description, type, visit_id) values (4, 'Ultrasound of the thyroid', 'USG', 28);
insert into medical_treatment (id, description, type, visit_id) values (5, 'Chest X-ray', 'RTG', 35);
insert into medical_treatment (id, description, type, visit_id) values (6, 'Electrocardiogram', 'EKG', 42);
insert into medical_treatment (id, description, type, visit_id) values (7, 'Ultrasound of the pelvis', 'USG', 49);
insert into medical_treatment (id, description, type, visit_id) values (8, 'Chest X-ray with lateral view', 'RTG', 7);
insert into medical_treatment (id, description, type, visit_id) values (9, 'Stress test EKG', 'EKG', 14);
insert into medical_treatment (id, description, type, visit_id) values (10, 'Doppler ultrasound of the legs', 'USG', 21);
insert into medical_treatment (id, description, type, visit_id) values (11, 'Spinal X-ray', 'RTG', 28);
insert into medical_treatment (id, description, type, visit_id) values (12, '24-hour Holter monitoring', 'EKG', 35);
insert into medical_treatment (id, description, type, visit_id) values (13, 'Ultrasound of the liver', 'USG', 42);
insert into medical_treatment (id, description, type, visit_id) values (14, 'Chest X-ray for tuberculosis check', 'RTG', 49);
insert into medical_treatment (id, description, type, visit_id) values (15, 'Baseline electrocardiogram', 'EKG', 7);

insert into VISIT_TREATMENTS (VISIT_ENTITY_ID, TREATMENTS_ID) values (7,  1);
insert into VISIT_TREATMENTS (VISIT_ENTITY_ID, TREATMENTS_ID) values (14, 2);
insert into VISIT_TREATMENTS (VISIT_ENTITY_ID, TREATMENTS_ID) values (21, 3);
insert into VISIT_TREATMENTS (VISIT_ENTITY_ID, TREATMENTS_ID) values (28, 4);
insert into VISIT_TREATMENTS (VISIT_ENTITY_ID, TREATMENTS_ID) values (35, 5);
insert into VISIT_TREATMENTS (VISIT_ENTITY_ID, TREATMENTS_ID) values (42, 6);
insert into VISIT_TREATMENTS (VISIT_ENTITY_ID, TREATMENTS_ID) values (49, 7);
insert into VISIT_TREATMENTS (VISIT_ENTITY_ID, TREATMENTS_ID) values (7,  8);
insert into VISIT_TREATMENTS (VISIT_ENTITY_ID, TREATMENTS_ID) values (14, 9);
insert into VISIT_TREATMENTS (VISIT_ENTITY_ID, TREATMENTS_ID) values (21, 10);
insert into VISIT_TREATMENTS (VISIT_ENTITY_ID, TREATMENTS_ID) values (28, 11);
insert into VISIT_TREATMENTS (VISIT_ENTITY_ID, TREATMENTS_ID) values (35, 12);
insert into VISIT_TREATMENTS (VISIT_ENTITY_ID, TREATMENTS_ID) values (42, 13);
insert into VISIT_TREATMENTS (VISIT_ENTITY_ID, TREATMENTS_ID) values (49, 14);
insert into VISIT_TREATMENTS (VISIT_ENTITY_ID, TREATMENTS_ID) values (7,  15);

